<Ui xmlns="http://www.blizzard.com/wow/ui/" xmlns:xsi="http://www.w3.org/2001/XMLSchema-instance" xsi:schemaLocation="http://www.blizzard.com/wow/ui/
..\FrameXML\UI.xsd">

	<FontFamily name="GBRAlert_Title" virtual="true">
		<Member alphabet="roman">
			<Font font="Interface\Addons\GBRadio\Media\Fonts\Transport Medium.ttf" height="18"/>
				<Shadow><Offset><AbsDimension x='1' y='-1'/></Offset><Color r='0' g='0' b='0'/></Shadow>
		</Member>
		<Member alphabet="korean">
			<Font font="Fonts\2002.ttf" height="13" outline="NORMAL"/>
            <Shadow><Offset><AbsDimension x='1' y='-1'/></Offset><Color r='0' g='0' b='0'/></Shadow>
		</Member>
		<Member alphabet="simplifiedchinese">
			<Font font="Fonts\ARKai_T.ttf" height="12" outline="NORMAL"/>
            <Shadow><Offset><AbsDimension x='1' y='-1'/></Offset><Color r='0' g='0' b='0'/></Shadow>
		</Member>
		<Member alphabet="traditionalchinese">
			<Font font="Fonts\blei00d.TTF" height="10" outline="NORMAL"/>
            <Shadow><Offset><AbsDimension x='1' y='-1'/></Offset><Color r='0' g='0' b='0'/></Shadow>
		</Member>
		<Member alphabet="russian">
			<Font font="Fonts\FRIZQT___CYR.TTF" height="10" outline="NORMAL"/>
            <Shadow><Offset><AbsDimension x='1' y='-1'/></Offset><Color r='0' g='0' b='0'/></Shadow>
		</Member>
	</FontFamily>

	<FontFamily name="GBRAlert_Grade" virtual="true">
		<Member alphabet="roman">
			<Font font="Interface\Addons\GBRadio\Media\Fonts\Transport Medium.ttf" height="12"/>
				<Shadow><Offset><AbsDimension x='1' y='-1'/></Offset><Color r='0' g='0' b='0'/></Shadow>
		</Member>
		<Member alphabet="korean">
			<Font font="Fonts\2002.ttf" height="13" outline="NORMAL"/>
            <Shadow><Offset><AbsDimension x='1' y='-1'/></Offset><Color r='0' g='0' b='0'/></Shadow>
		</Member>
		<Member alphabet="simplifiedchinese">
			<Font font="Fonts\ARKai_T.ttf" height="12" outline="NORMAL"/>
            <Shadow><Offset><AbsDimension x='1' y='-1'/></Offset><Color r='0' g='0' b='0'/></Shadow>
		</Member>
		<Member alphabet="traditionalchinese">
			<Font font="Fonts\blei00d.TTF" height="10" outline="NORMAL"/>
            <Shadow><Offset><AbsDimension x='1' y='-1'/></Offset><Color r='0' g='0' b='0'/></Shadow>
		</Member>
		<Member alphabet="russian">
			<Font font="Fonts\FRIZQT___CYR.TTF" height="10" outline="NORMAL"/>
            <Shadow><Offset><AbsDimension x='1' y='-1'/></Offset><Color r='0' g='0' b='0'/></Shadow>
		</Member>
	</FontFamily>

	<FontFamily name="GBRAlert_Details" virtual="true">
		<Member alphabet="roman">
			<Font font="Interface\Addons\GBRadio\Media\Fonts\PT_Sans-Narrow-Bold.ttf" height="12"/>
				<Shadow><Offset><AbsDimension x='1' y='-1'/></Offset><Color r='0' g='0' b='0'/></Shadow>
		</Member>
		<Member alphabet="korean">
			<Font font="Fonts\2002.ttf" height="13" outline="NORMAL"/>
            <Shadow><Offset><AbsDimension x='1' y='-1'/></Offset><Color r='0' g='0' b='0'/></Shadow>
		</Member>
		<Member alphabet="simplifiedchinese">
			<Font font="Fonts\ARKai_T.ttf" height="12" outline="NORMAL"/>
            <Shadow><Offset><AbsDimension x='1' y='-1'/></Offset><Color r='0' g='0' b='0'/></Shadow>
		</Member>
		<Member alphabet="traditionalchinese">
			<Font font="Fonts\blei00d.TTF" height="10" outline="NORMAL"/>
            <Shadow><Offset><AbsDimension x='1' y='-1'/></Offset><Color r='0' g='0' b='0'/></Shadow>
		</Member>
		<Member alphabet="russian">
			<Font font="Fonts\FRIZQT___CYR.TTF" height="10" outline="NORMAL"/>
            <Shadow><Offset><AbsDimension x='1' y='-1'/></Offset><Color r='0' g='0' b='0'/></Shadow>
		</Member>
	</FontFamily>
</Ui>